Growth Profitability and Financial Ratios for Alarm.com Holdings Inc											
Financials											
	Dec-11	Dec-12	Dec-13	Dec-14	Dec-15	Dec-16	Dec-17	Dec-18	Dec-19	Dec-20	TTM
Revenue USD Mil		96	130	167	209	261	339	420	502	618	639
Gross Margin %		57	57.8	59.8	63	61.9	65.7	65.3	63.5	63.2	63.2
Operating Income USD Mil		17	7	21	18	14	33	12	50	56	61
Operating Margin %		17.1	5.7	12.6	8.6	5.4	9.8	2.9	10	9.1	9.6
Net Income USD Mil		9	5	14	12	10	29	22	54	78	84
Earnings Per Share USD		-3.66		0.01	-0.3	0.21	0.59	0.43	1.06	1.53	1.64
Dividends USD											
Payout Ratio % *											
Shares Mil		40	40	40	24	48	49	50	50	51	51
Book Value Per Share * USD					3.65	3.99	4.87	5.5	6.9	8.87	11.02
Operating Cash Flow USD Mil		16	11	16	27	18	57	61	47	102	110
Cap Spending USD Mil		-2	-2	-7	-11	-11	-10	-12	-20	-20	-18
Free Cash Flow USD Mil		14	8	9	16	7	47	49	27	82	93
Free Cash Flow Per Share * USD					0.49	0.07	0.69	0.84	0.7	1.31	
Working Capital USD Mil			33	49	132	150	119	153	168	307	
											
Key Ratios -> Profitability											
Margins % of Sales	Dec-11	Dec-12	Dec-13	Dec-14	Dec-15	Dec-16	Dec-17	Dec-18	Dec-19	Dec-20	TTM
Revenue		100	100	100	100	100	100	100	100	100	100
COGS		42.97	42.2	40.15	37.04	38.06	34.28	34.65	36.55	36.8	36.83
Gross Margin		57.03	57.8	59.85	62.96	61.94	65.72	65.35	63.45	63.2	63.17
SG&A		28.33	39.47	31.05	32.42	37.11	29.18	36.07	26.23	25.02	24.83
R&D		9.27	10.05	13.86	19.15	16.96	21.47	21.21	22.78	24.62	24.26
Other		2.31	2.58	2.39	2.78	2.49	5.23	5.17	4.41	4.45	4.46
Operating Margin		17.12	5.7	12.55	8.61	5.38	9.85	2.9	10.04	9.11	9.62
Net Int Inc & Other		-0.32	-0.16	-0.41	-0.25	0.12	-0.33	-0.12	1.69	3.86	3.22
EBT Margin		16.8	5.54	12.14	8.36	5.51	9.51	2.78	11.72	12.97	12.85
											
Profitability	Dec-11	Dec-12	Dec-13	Dec-14	Dec-15	Dec-16	Dec-17	Dec-18	Dec-19	Dec-20	TTM
Tax Rate %		44.91	37.27	33.55	32.62	29.39	9.27		9.45	4.37	
Net Margin %		-144.94	0.09	8	-3.46	3.88	8.63	5.12	10.66	12.6	13.14
Asset Turnover (Average)			1.31	1.52	1.2	1.07	1.07	1.03	1.01	0.96	0.73
Return on Assets %			0.12	12.15	-4.16	4.16	9.24	5.3	10.72	12.08	9.65
Financial Leverage (Average)					1.33	1.37	1.6	1.59	1.57	1.56	2.03
Return on Equity %					-29.9	5.61	13.79	8.43	16.91	18.91	18.34
Return on Invested Capital %					-23.02	5.48	12.45	7.3	12.69	14.6	11.3
Interest Coverage		52.95	27.81	104.67	99.11	76.69	15.66	5.01	20.8	31.88	16.42
											
Key Ratios -> Growth											
	Dec-11	Dec-12	Dec-13	Dec-14	Dec-15	Dec-16	Dec-17	Dec-18	Dec-19	Dec-20	Latest Qtr
Revenue %											
Year over Year			34.98	28.48	24.85	25	29.81	24.06	19.47	23.02	13.53
3-Year Average					29.37	26.1	26.53	26.26	24.38	22.17	
5-Year Average							28.57	26.42	24.59	24.23	
10-Year Average											
Operating Income %											
Year over Year			-55.05	182.87	-14.33	-21.86	137.4	-63.44	313.15	11.67	52.05
3-Year Average					2.89	23.72	16.7	-12.14	53.06	19.04	
5-Year Average							15.11	10.45	19.14	25.63	
10-Year Average											
Net Income %											
Year over Year			-49.33	198.45	-12.84	-13.72	188.07	-26.42	148.7	45.44	
3-Year Average					9.64	30.93	29.39	22.29	74.04	38.58	
5-Year Average							26.78	36.61	31.72	45.92	
10-Year Average											
EPS %											
Year over Year							180.95	-27.12	146.51	44.34	61.11
3-Year Average						308.98	20.17		71.54	37.39	
5-Year Average								168.7	25.54		
10-Year Average											
											
Key Ratios -> Cash Flow											
Cash Flow Ratios	Dec-11	Dec-12	Dec-13	Dec-14	Dec-15	Dec-16	Dec-17	Dec-18	Dec-19	Dec-20	TTM
Operating Cash Flow Growth % YOY			-33.92	46.75	73.57	-35.51	226.78	6.16	-22.4	116.68	
Free Cash Flow Growth % YOY			-39.29	4.34	80.6	-56.65	582.59	4.06	-44.59	202.89	
Cap Ex as a % of Sales		2.41	1.75	4.12	5.43	4.08	3.09	2.88	4.02	3.32	2.75
Free Cash Flow/Sales %		14.31	6.43	5.23	7.56	2.62	13.79	11.56	5.36	13.2	14.54
Free Cash Flow/Net Income		1.55	1.85	0.65	1.34	0.67	1.6	2.26	0.5	1.05	1.11
											
Key Ratios -> Financial Health											
Balance Sheet Items (in %)	Dec-11	Dec-12	Dec-13	Dec-14	Dec-15	Dec-16	Dec-17	Dec-18	Dec-19	Dec-20	Latest Qtr
Cash & Short-Term Investments			33.76	35.2	56.77	53.83	25.92	33.12	21.45	34.64	57.62
Accounts Receivable			16.66	14.27	9.44	11.41	10.93	11.23	13.69	11.39	7.93
Inventory			2.53	5.67	2.86	4.04	3.81	5.21	6.13	6.05	4.24
Other Current Assets			2.79	4.27	2.15	3.52	3.44	2.15	2.42	2.23	1.61
Total Current Assets			55.74	59.41	71.23	72.8	44.11	51.72	43.68	54.31	71.4
Net PP&E			3.6	6.72	6.83	7.72	6.31	6.29	12.38	10.69	6.9
Intangibles			24.57	21.89	13.73	11.21	42.48	32.35	37.36	29.53	19.01
Other Long-Term Assets			16.09	11.98	8.21	8.26	7.1	9.64	6.57	5.46	2.7
Total Assets			100	100	100	100	100	100	100	100	100
Accounts Payable			11.63	9.24	5.67	7	4.58	4.58	5.89	5.22	4.01
Short-Term Debt			2.01								
Taxes Payable											
Accrued Liabilities			3.77	1.58	1.88	2.03	1.16	7.84	1.81	1.56	1.05
Other Short-Term Liabilities			5.51	7.99	5.32	6.17	6.24	4.65	5.88	5.55	3.11
Total Current Liabilities			22.92	18.81	12.86	15.2	11.97	17.07	13.59	12.33	8.17
Long-Term Debt			5.53	5.54	2.96	2.56	19.1	15.19	11.29	15.03	37.04
Other Long-Term Liabilities			9.47	8.99	8.93	9.03	6.27	4.79	11.36	8.7	5.58
Total Liabilities			37.92	33.34	24.75	26.79	37.35	37.05	36.24	36.07	50.79
Total Stockholders' Equity			62.08	66.66	75.25	73.21	62.65	62.95	63.76	63.93	49.21
Total Liabilities & Equity	100	100	100	100	100	100	100	100	100	100	100
											
Liquidity/Financial Health	Dec-11	Dec-12	Dec-13	Dec-14	Dec-15	Dec-16	Dec-17	Dec-18	Dec-19	Dec-20	Latest Qtr
Current Ratio			2.43	3.16	5.54	4.79	3.68	3.03	3.21	4.4	8.74
Quick Ratio			2.2	2.63	5.15	4.29	3.08	2.6	2.59	3.73	8.02
Financial Leverage					1.33	1.37	1.6	1.59	1.57	1.56	2.03
Debt/Equity					0.04	0.04	0.3	0.24	0.28	0.32	0.82
											
Key Ratios -> Efficiency Ratios											
Efficiency	Dec-11	Dec-12	Dec-13	Dec-14	Dec-15	Dec-16	Dec-17	Dec-18	Dec-19	Dec-20	TTM
Days Sales Outstanding			46.47	36.91	33.73	35.76	37.93	39.12	45.73	47.16	48.67
Days Inventory			16.72	25.45	31.43	31.25	38.83	46.55	56.82	62.95	65.23
Payables Period			76.84	61.8	56.59	57.12	55.44	46.62	52.77	57	64.97
Cash Conversion Cycle			-13.65	0.56	8.57	9.89	21.32	39.05	49.77	53.1	48.93
Receivables Turnover			7.85	9.88	10.82	10.21	9.62	9.33	7.98	7.74	7.5
Inventory Turnover			21.83	14.34	11.61	11.68	9.4	7.84	6.42	5.8	5.6
Fixed Assets Turnover			36.31	28.56	17.72	14.66	15.53	16.42	10.38	8.39	8.44
Asset Turnover			1.31	1.52	1.2	1.07	1.07	1.03	1.01	0.96	0.73
